Designator,Mid X,Mid Y,Rotation,Layer
C1,-7.9248,-4.4005,270.0,top
C2,2.5908,-5.1816,90.0,top
C3,-6.4008,-4.4005,270.0,top
C4,-3.9116,-4.4185,270.0,top
D1,7.129,-4.554,270.0,top
J1,0.0,2.2,0.0,top
R1,-5.1816,-3.8608,270.0,top
R2,4.843,-3.86815,270.0,top
R3,5.224,-5.824,0.0,top
R4,3.827,-3.8428,270.0,top
R5,5.859,-3.86815,270.0,top
R6,-2.6416,-3.8995,270.0,top
U1,0.0,-4.5,180.0,top
